user_input,output,flag,username,timestamp
i wanna learn about leadership,"'{
    ""title"": ""Mastering Leadership Skills"",
    ""description"": ""Developing a comprehensive understanding of effective leadership techniques and strategies."",
    ""steps"": [
        ""Understand leadership styles"",
        ""Practice effective communication"",
        ""Learn to inspire and motivate"",
        ""Develop decision-making skills"",
        ""Embrace continuous learning and growth""
    ]
}",,,2024-03-18 12:55:24.686891
